{
  "project_info": {
    "project_number": "412516232819",
    "project_id": "book-app-3e501",
    "storage_bucket": "book-app-3e501.appspot.com"
  },
  "client": [
    {
      "client_info": {
        "mobilesdk_app_id": "1:412516232819:android:d274ce74d9ff14509f4406",
        "android_client_info": {
          "package_name": "com.example.bookapp"
        }
      },
      "oauth_client": [
        {
          "client_id": "412516232819-qcuk4v1bkbcmaolmj1tqasqcfd1bt769.apps.googleusercontent.com",
          "client_type": 1,
          "android_info": {
            "package_name": "com.example.bookapp",
            "certificate_hash": "ed09a1e875af7493ffa438d2c48b42a46771055a"
          }
        },
        {
          "client_id": "412516232819-aba9abd3p6b3k2fa3m46tr4pp3t8me2i.apps.googleusercontent.com",
          "client_type": 3
        }
      ],
      "api_key": [
        {
          "current_key": "AIzaSyA8ydUbwJDnhh7Fn919_v7PtdWs3dRIJO4"
        }
      ],
      "services": {
        "appinvite_service": {
          "other_platform_oauth_client": [
            {
              "client_id": "412516232819-aba9abd3p6b3k2fa3m46tr4pp3t8me2i.apps.googleusercontent.com",
              "client_type": 3
            }
          ]
        }
      }
    }
  ],
  "configuration_version": "1"
}